<?xml version="1.0" encoding="UTF-8"?>
<configurationDescriptor version="100">
  <projectmakefile>Makefile</projectmakefile>
  <confs>
    <conf name="Debug" type="1">
      <toolsSet>
        <developmentServer>localhost</developmentServer>
        <platform>2</platform>
      </toolsSet>
      <dbx_gdbdebugger version="1">
        <gdb_pathmaps>
        </gdb_pathmaps>
        <gdb_interceptlist>
          <gdbinterceptoptions gdb_all="false" gdb_unhandled="true" gdb_unexpected="true"/>
        </gdb_interceptlist>
        <gdb_options>
          <DebugOptions>
          </DebugOptions>
        </gdb_options>
        <gdb_buildfirst gdb_buildfirst_overriden="false" gdb_buildfirst_old="false"/>
      </dbx_gdbdebugger>
      <nativedebugger version="1">
        <engine>gdb</engine>
      </nativedebugger>
      <runprofile version="9">
        <runcommandpicklist>
          <runcommandpicklistitem>"${OUTPUT_PATH}" -input ./data/ECommerce926.dataset -K 10 -type cart -events 10000 -display Framed</runcommandpicklistitem>
          <runcommandpicklistitem>"${OUTPUT_PATH}" -input ./data/ECommerce926.dataset -K 30 -type cart -events 10000 -display Framed</runcommandpicklistitem>
          <runcommandpicklistitem>"${OUTPUT_PATH}" -input ./data/ECommerce926.dataset -K 100 -type cart -events 75000 -display Fancy</runcommandpicklistitem>
          <runcommandpicklistitem>"${OUTPUT_PATH}" -input ./data/dataset-ecommerceFULL.csv -K 100 -type cart -events 75000 -display Fancy</runcommandpicklistitem>
          <runcommandpicklistitem>"${OUTPUT_PATH}" -input ./data/ECommerce5.dataset -K 5 -type cart -events 75000 -display Fancy</runcommandpicklistitem>
          <runcommandpicklistitem>"${OUTPUT_PATH}" -input ./data/ECommerce49.dataset -K 49 -type cart -events 75000 -display Fancy</runcommandpicklistitem>
          <runcommandpicklistitem>"${OUTPUT_PATH}" -input ./data/ECommerce41.dataset -K 41 -type cart -events 75000 -display Fancy</runcommandpicklistitem>
          <runcommandpicklistitem>"${OUTPUT_PATH}" -input ./data/ECommerce926.dataset -K 1000 -type cart -events 75000 -display Fancy</runcommandpicklistitem>
          <runcommandpicklistitem>"${OUTPUT_PATH}" -input ./data/ECommerce926.dataset -K 36 -type cart -events 75000 -display Fancy</runcommandpicklistitem>
          <runcommandpicklistitem>"${OUTPUT_PATH}" -input ./data/ECommerce162.dataset -K 5 -type cart -events 75000 -display Framed</runcommandpicklistitem>
        </runcommandpicklist>
        <runcommand>"${OUTPUT_PATH}" -input ./data/ECommerce162.dataset -K 5 -type cart -events 75000 -display Framed</runcommand>
        <rundir></rundir>
        <buildfirst>true</buildfirst>
        <terminal-type>0</terminal-type>
        <remove-instrumentation>0</remove-instrumentation>
        <environment>
        </environment>
      </runprofile>
    </conf>
    <conf name="Release" type="1">
      <toolsSet>
        <developmentServer>localhost</developmentServer>
        <platform>2</platform>
      </toolsSet>
      <dbx_gdbdebugger version="1">
        <gdb_pathmaps>
        </gdb_pathmaps>
        <gdb_interceptlist>
          <gdbinterceptoptions gdb_all="false" gdb_unhandled="true" gdb_unexpected="true"/>
        </gdb_interceptlist>
        <gdb_options>
          <DebugOptions>
          </DebugOptions>
        </gdb_options>
        <gdb_buildfirst gdb_buildfirst_overriden="false" gdb_buildfirst_old="false"/>
      </dbx_gdbdebugger>
      <nativedebugger version="1">
        <engine>gdb</engine>
      </nativedebugger>
      <runprofile version="9">
        <runcommandpicklist>
          <runcommandpicklistitem>"${OUTPUT_PATH}"</runcommandpicklistitem>
        </runcommandpicklist>
        <runcommand>"${OUTPUT_PATH}"</runcommand>
        <rundir></rundir>
        <buildfirst>true</buildfirst>
        <terminal-type>0</terminal-type>
        <remove-instrumentation>0</remove-instrumentation>
        <environment>
        </environment>
      </runprofile>
    </conf>
  </confs>
</configurationDescriptor>
